N,P,K,temperature,humidity,ph,rainfall,label
112,105,61,28.419746111837092,61.10805876612783,4.91229020326245,239.59596380588073,sugarcane
102,48,122,26.211045086296963,92.26384115005685,8.826048192728676,285.1264549754866,banana
24,53,49,18.212870462154726,91.19069811787892,6.140919699335864,97.04763149665904,mango
116,21,165,20.611792081136613,85.42850445240236,7.1600960421121815,131.42889698661202,maize
81,78,149,20.148954163026318,60.81187043650586,7.630556296723185,280.8141179270706,coconut
30,61,8,29.715112583383515,78.89918481070666,5.834807035036002,114.70467084883975,tea
112,59,152,14.198379255836148,61.03176444150475,4.736135372052585,275.885361290103,maize
131,51,51,42.08770917458173,89.5684865979822,5.032905081108904,294.6925614312504,coffee
84,16,147,35.22293008490897,52.22206665863199,5.5663323829030515,205.3070040008389,mango
97,66,51,24.050597081961776,97.61882755319014,7.180342101761129,248.72928106116711,tomato
126,84,82,15.551845058423229,94.58582065831021,5.9914027454452725,229.87275798190385,tomato
109,87,128,40.869725940257254,79.32820955614284,4.03407348950064,215.86959213234667,potato
113,12,79,38.832233153540784,42.35327073408576,6.617035925337359,105.94070043474512,tea
62,85,107,35.26025434510127,30.53228710346067,8.607566959537088,35.986414614224245,pulses
11,122,141,19.504146659393484,88.3762760074558,8.060388055043395,116.05448510550217,tea
97,29,94,24.08563231017841,33.224182891036904,8.126056856298156,206.74207585709385,potato
47,93,148,13.596188835834818,88.34086311978686,7.975290088030656,48.70817550378439,wheat
139,16,73,16.616383365463612,59.26120053698884,5.6186541280521185,23.337035233907784,soybean
30,63,65,37.40558230608565,52.52454270464834,7.82596916877196,59.11386432882282,soybean
67,113,142,35.026355159773935,92.25526230675433,4.715806789055965,220.40605939502268,potato
31,30,54,30.772001704157713,68.30807860322224,7.288580736379767,292.3822364638043,barley
98,51,7,41.35043540741605,66.12912057037742,7.207842833424972,295.2581158921497,cotton
58,36,111,30.41432812345659,64.7012755699518,4.127848995448673,158.3141617592526,tomato
68,14,117,26.343879998726376,49.69356128156251,7.9398506679546585,263.4186442778573,potato
24,20,98,21.912976120701693,82.85144828233018,8.516240525475652,226.31140761042113,banana
60,30,122,42.91569770076604,40.22387552126184,5.337076392360538,160.29126635568895,sugarcane
117,90,85,12.895041153352373,95.111596803302,8.061953620930755,180.3729492274243,barley
64,139,113,42.581058022128296,91.51881640375686,4.412029859309741,58.4236010527239,rice
73,18,55,38.93501309758564,46.99842605399185,6.99983929130533,282.54520897264575,barley
60,83,151,14.547547358749545,78.3571015865331,6.428234326671386,118.5403358048975,groundnut
30,121,174,29.774452518633876,65.85785555596732,6.729617666545,144.92179180800747,coconut
82,11,39,40.32917936121804,47.011944159938764,8.631026009421724,208.06486467941164,pulses
27,119,50,30.01332072625038,99.08173183963574,8.356576236234268,113.49269202743511,coffee
98,76,158,41.75199375462178,22.018987667861136,7.925418286198785,91.19256507690055,barley
69,63,73,43.00443358856149,40.211682449702934,5.368492288391855,196.69383011566177,barley
23,86,97,24.783458276450705,61.605924888892034,8.55909314343046,26.995543038917845,maize
18,120,68,23.205978149221327,61.75624027828511,4.487538462319376,221.80303136747008,soybean
99,107,169,42.77124038892049,67.11464599564513,8.266646082793939,163.92654356542272,rice
62,21,53,33.629902140238386,80.13409376183354,5.640800361768039,189.61104454586163,mango
139,18,153,14.060793847185925,69.87822644154372,4.268861558309917,196.92644458912784,cotton
93,112,78,11.48021122279384,68.02251684224296,7.346784921203741,167.57404381791784,tomato
101,49,196,29.76201678490421,24.281157033043463,5.156399641579777,183.10945768340608,barley
120,102,9,42.55598379034486,50.12242302314387,5.217855629323159,211.46069624916487,potato
17,135,104,39.54870458420365,38.564459176092484,5.530235831143857,230.87327721030877,tomato
44,41,74,33.65467112625177,41.22960892815804,4.318423837512584,223.68666956011373,soybean
90,112,94,14.869054711188063,64.34699794722759,4.88563572099127,263.4926081650333,millet
59,43,8,18.898098431204346,35.960425194368675,4.025698137927802,73.04416128687276,millet
113,19,130,40.64289292934156,43.5159280813518,6.227047605528934,132.3214314577033,potato
11,124,43,16.398253282991515,38.96677668138721,4.4212768870898564,285.382898484048,cotton
63,8,167,19.745379288765207,95.88023545745558,7.413263025220995,131.0453608281723,rice
115,97,133,14.536022791840468,95.57325857368761,5.178114255958242,54.96362153365835,banana
13,20,28,33.66378809950439,68.79532468768414,8.717870720175885,167.1246353814103,groundnut
63,112,61,43.03938068771234,93.96179749855199,8.356258136993263,50.65747231524941,groundnut
53,130,104,19.41388110583851,82.86501163746985,5.447204474841041,76.79890684380226,groundnut
23,59,74,26.63923127475258,67.1958306241447,7.916077273283394,299.52925183986787,soybean
104,38,45,32.20189088989215,20.51481691974366,8.01622452332403,171.58153875091696,wheat
57,17,186,44.98131868754707,81.80130288635232,8.932815570572053,99.53634893132012,barley
24,22,178,13.668282274915024,76.1990673270775,6.989199934228425,298.5369872806937,coconut
49,100,64,27.44997798269982,69.22029226259312,4.4098286732183105,290.6364971954401,maize
91,127,112,23.479204196587503,80.83394493459774,7.234186144631905,143.4069315035938,potato
120,43,192,40.30370578278243,61.03377318198126,7.124898741880176,92.91287046061436,barley
62,50,61,26.658870585407957,76.32666170570712,7.191752887102159,254.7518986658132,maize
33,33,35,13.884213360480183,94.81376693811947,5.535728240521058,220.3738007521,potato
133,66,88,32.20484508503043,50.064401267686904,8.298397925401664,212.3436018009829,coconut
50,20,156,36.9773216392358,76.64974679205002,8.797360914777059,270.07184757029233,banana
24,125,40,10.10084380829651,58.0550254408767,5.088562564890758,213.0367974839709,soybean
54,14,162,40.06348398972203,73.95197214511853,4.440760790683222,99.46342405163377,barley
74,107,156,16.510805000198296,81.03146684434913,4.97267516584242,214.28168532520505,coconut
98,88,112,29.322427762868227,23.636200034863677,8.102760696278594,105.62778315942592,millet
80,137,110,24.552912524060755,71.72803551589296,7.383223174099237,232.58691430395862,coconut
18,69,162,35.18788358136857,38.139294752555564,7.180236711695633,193.5293992576385,groundnut
97,7,90,22.990656517500966,73.60260302460534,6.008965675547122,41.675234555730164,wheat
138,124,139,40.44171118385988,57.46641487470508,6.889139857557179,163.59390148183977,pulses
72,72,167,35.56737263355765,81.88421934919097,5.539370626371837,116.12427137480746,wheat
90,41,187,32.66996098720225,29.872065216447716,6.3860003970898065,111.99977716504239,potato
42,77,18,37.8684208446999,70.1057881324956,7.96531514185328,188.63176466563203,millet
132,53,124,36.39080622249338,42.27765831420419,8.90620798727731,110.25095085143897,barley
14,125,142,11.257853622254366,88.23855962644731,8.66244461794901,237.53024949736434,soybean
50,92,84,23.815702384568986,94.27068045090459,8.669329714231244,39.82160208312884,sugarcane
37,41,148,42.57825540607714,99.71186349432443,6.011118674235561,204.9087106708311,potato
81,65,186,14.400349414727918,83.68059219418267,6.343949402533955,246.57454502388754,rice
21,128,110,35.798379265121795,80.29872563424036,7.528176981844908,208.39287317772042,wheat
42,43,74,44.110713396736536,37.240060709404084,8.610959640256421,159.22417460559882,rice
57,67,48,11.826952016574007,46.8805647192087,4.709971296760424,286.0859638461307,wheat
71,50,77,33.876785821931364,57.254603340982364,5.521209319135979,103.98277714345781,cotton
46,92,49,26.385394945536063,81.87048382257998,4.696234222970547,25.367008506993777,tomato
108,15,188,30.271133938115273,93.1972692062375,7.060042649797277,140.95702400976344,rice
113,66,111,12.98694677695137,35.13112800183877,5.531504984437688,29.24334205209163,rice
44,81,88,11.50524331534288,93.78939877360823,5.630539262562867,287.10229070739445,mango
110,56,86,33.34033311928226,75.64997218832464,4.3545797974398965,78.77705280945443,cotton
10,8,111,38.81583004372513,68.86165845480309,5.748980309037959,240.89956670568625,sugarcane
14,63,189,37.37053672265385,35.98730170255516,8.312482537007927,236.88018328882217,potato
112,76,25,29.03320047531831,24.442002624732044,5.165364059454175,80.96409191122139,banana
36,97,182,13.495338739766236,65.47719188063519,7.4759373310503285,193.94342853444684,coffee
24,67,165,34.08155553426049,72.12125466631139,7.148141724692963,33.46211117620606,banana
99,58,11,18.46611092439511,36.86251594837506,8.317423041845576,155.4008839970829,wheat
51,121,74,41.88740459685843,64.51649646603651,4.661439738255191,24.101195636296286,coffee
133,114,131,39.33928758409967,88.51947222100588,8.887949801725217,277.92028645063573,barley
72,78,147,34.828403848058684,86.8052756364016,6.913143230201828,293.3040867758801,mango
105,111,164,43.20960845408956,94.18841444690378,8.977370761734072,82.23917465880388,rice
61,61,152,11.099763752894553,49.27086476455044,8.557573629329255,78.26968968698438,tea
105,7,147,35.76701487712667,45.4439658040735,5.107586360565529,231.0416494373963,potato
38,124,180,21.558497276774187,79.95408047846469,4.280810049516566,90.94623167221366,maize
45,10,153,41.71230599902279,54.4889924077604,5.278195468976808,270.62143656531657,potato
22,9,174,19.333631883169215,27.00389312222245,6.637818244997099,180.70015811443503,sugarcane
80,9,158,35.369977476025596,42.62409045363998,4.85798183532595,118.21773444288739,tea
95,58,124,40.71764568777735,53.48658284251913,4.837298722589942,253.15424897783763,millet
37,51,132,11.457988643393884,43.40131403810016,6.312967735525765,158.15387611575065,soybean
75,13,146,23.917665285721263,46.57644567578573,4.166339855846792,275.25721583837316,potato
54,103,61,36.68081612076786,43.50207249395126,4.609440412661352,279.8439862842267,maize
71,24,169,25.922161132765545,23.319933374646354,6.079306697039738,66.31764259595461,soybean
37,126,62,19.353842042775838,70.9675760659554,4.3156495460398325,20.650553716940475,soybean
37,65,25,17.69318720881165,67.78339362827754,5.983775282277646,295.5006632398726,mango
117,127,86,14.603139342073227,72.27067987829444,6.3700313297422255,273.71851011569424,tomato
53,86,73,39.99953459496988,35.3847916826902,6.256333070365573,35.524665997075594,coconut
93,66,135,30.137439113804458,43.652363328998824,8.345874287015437,253.24959390349957,soybean
39,7,91,12.67347307470096,69.56927415559377,6.650312275258662,148.18538111657784,soybean
84,17,169,23.390311324972238,67.97020547679371,6.339902312390217,92.50924940699306,rice
137,124,53,22.870677778178845,60.50642474834142,6.053546226958331,266.0490266295403,soybean
101,129,151,16.360871674831206,48.033060000815794,8.08811689152243,75.06682506928604,wheat
138,93,119,25.242766891526674,93.03448038197519,8.475283019999166,285.24399983761873,tea
130,77,93,21.623477788759775,47.1816193839075,8.266212345985588,77.5740165558155,millet
36,72,89,21.96312969222639,56.44953251498013,7.367732890656955,191.8312925640482,millet
130,105,132,35.865929522578554,74.24910647633669,4.686808729843371,82.46417366811296,groundnut
125,102,144,17.81421849268187,63.44171446934113,5.3843498474600615,172.78722619121774,wheat
12,15,193,32.46509855993744,47.75087810915085,4.230315318409887,211.51303637623957,mango
112,109,173,29.97273683583272,54.85158323652079,8.65412037495057,73.26382062963852,tea
71,71,165,29.883237931825356,83.55846542828048,7.303992648454551,165.84801915619016,rice
60,127,182,33.20525711496216,42.25033243892899,7.731814421566208,151.33672842923332,groundnut
68,33,121,29.193371266847887,31.380419182145232,5.557858697911145,39.890477992935544,cotton
127,80,131,40.773929019623466,45.05305614638217,8.228267611386713,249.12618894908482,pulses
105,13,75,33.645303218259095,87.96273723903211,5.298016418542392,113.99107217999568,banana
122,44,90,29.143713797998583,27.119177188507734,4.008218785562248,180.8830153145263,cotton
71,29,37,39.041709210067566,99.33568586979615,5.88207481260347,164.13958578127765,groundnut
61,9,85,31.21512977267179,63.280231914213005,6.853807404795367,163.71294127972382,groundnut
21,128,156,20.190048672481264,98.78765951736752,6.393524289827613,50.02227037837649,tomato
48,42,65,17.248322136179993,95.1197137668782,8.310380712882985,138.57496258981317,soybean
139,76,65,15.331472498193758,56.225097136873345,4.527026429780834,146.66269257783966,potato
122,137,102,41.48093243911356,35.87928596842793,6.769117203168628,225.41999530204558,millet
110,94,32,34.854740112932305,33.19078212521107,6.564896749104538,255.20527293779557,groundnut
122,41,190,42.808245335751224,39.199149109596604,5.406964910860815,172.59503786800502,barley
90,64,47,31.115213200023007,76.81061124516299,8.111140562885053,44.29922713819734,coffee
122,32,173,26.56903085232194,41.83599957851903,7.764243279411032,86.31785176703295,coconut
11,85,171,12.090077113981126,47.31402156834386,7.664295936659155,66.1815275187647,millet
139,118,90,33.50747985411104,55.90230431956918,8.38096239134778,54.89221769295493,coffee
63,44,181,30.37730659188809,93.05861443371651,7.613923003107606,122.45180361298611,sugarcane
96,49,21,44.65731127556675,35.15147343078769,5.159206458573632,84.23018060322697,coffee
138,66,102,18.37055722237851,20.40212420878425,7.5278135582484555,81.12487130722344,rice
135,97,102,28.575807435039255,24.807712830253614,5.538514066949219,35.31408888135495,sugarcane
139,119,69,32.78350672913254,92.38130733440943,5.210873251737352,24.947612542721487,millet
62,71,78,32.560691115982024,71.80131718746905,4.365017964498136,48.7751079419389,sugarcane
77,60,89,29.645274003194096,41.84324954622454,7.720142901738384,68.21529423861725,tea
132,44,9,37.192480361452894,34.17540008089529,7.555004809749056,140.67544407749688,pulses
47,102,6,17.174342333438574,43.54133893096915,5.172497388370468,162.9456731636765,rice
33,44,26,35.396952009604554,29.183754180102408,7.74689508362078,59.36573708854236,wheat
78,95,116,31.69071000015812,95.32263282275528,8.589204415467766,138.93933562677216,coconut
125,37,61,41.36262891281007,82.73649394922134,4.540144787457896,115.68967585125964,potato
107,10,70,39.65180536617536,56.99129415300326,5.163183191933875,71.35862017942769,soybean
106,84,78,21.030146369639365,89.19700840921615,7.751303970436577,21.915409481541793,cotton
133,96,102,19.66830637413036,39.95665634345858,5.372533367535391,150.76500262608766,sugarcane
79,101,148,44.35786633483568,77.36964547777548,7.123319871418584,211.98248979425583,cotton
102,63,116,28.45428133203398,88.49059992109947,4.405821122318573,83.35765356026596,banana
12,63,183,41.72473373700529,48.54149692986181,6.261012395517694,56.90591237107022,banana
99,52,129,15.735835832316877,80.59715563605741,7.6954571099647655,268.3719684451493,wheat
105,17,171,32.4986620180061,43.60578794114475,7.432569715216262,97.00693629658338,coffee
61,111,90,38.34510655762052,43.90857082072246,8.075360503379034,82.61153354194613,rice
137,49,80,43.15883373552564,28.564574284334885,8.387260633015845,259.98714309077644,groundnut
48,93,92,21.806904935595824,55.204643720751896,7.865917506293791,248.78998776669314,maize
91,104,172,35.374340947341835,78.37695251979378,7.35793871469463,145.5370117468974,millet
113,11,42,28.858455316386667,95.2176644457028,4.158612459080156,156.98688119977686,soybean
138,137,192,12.122012412326386,68.3037593543277,6.674833367047221,80.96963735352615,rice
20,49,63,34.14999080581302,89.05084301885913,4.188488624574264,41.9244677342761,soybean
51,62,142,34.15337953832452,85.79957194321817,8.040339085580113,180.5609110995851,groundnut
108,35,103,42.5712381696288,33.86744423802247,5.603622622299788,47.536578045259674,coconut
16,27,196,27.405935615914036,58.86539431301052,6.812146870589604,145.79687314786196,coconut
99,111,67,18.05878222486801,29.353882842031318,5.397226536594513,283.339215583643,maize
121,43,53,11.55973382070377,74.5722529249308,7.912500721901468,286.79362896776365,sugarcane
69,86,196,24.547476534006698,95.99197345968608,8.432512633209512,87.01304023326041,groundnut
122,104,36,20.567084502712564,30.96715664630052,5.99321247106532,194.75175761278322,groundnut
11,6,139,36.63809071083564,78.7106504642033,8.314611967554946,152.74135395020014,millet
138,81,25,22.39937176943663,70.57905206942888,5.335375037281662,265.19183572410964,tomato
57,16,24,43.21749187101954,66.68840296064798,6.673304615377619,96.0006419972949,groundnut
46,43,158,43.680857104572446,51.20961877506714,8.293807149193519,21.03667391307672,barley
18,17,131,31.731800657619782,48.410531820305,5.629406713078952,65.51713766079624,wheat
108,50,72,42.5031100455209,23.619935121511027,8.770211325390429,117.86638432743145,groundnut
57,117,114,36.629902058007346,37.43269666016108,4.609397508906918,108.40191633573681,tea
63,21,120,29.140087434129416,21.214150582946154,4.0913753486175315,241.58161735440805,rice
129,108,147,16.310777739797235,66.51336844656164,8.520676762890954,210.5569865188746,barley
125,102,124,26.0509280229844,28.46825887023271,4.343243330739361,103.87576949217123,sugarcane
84,92,83,29.630606217691614,89.84155152237729,8.95944597973746,148.16826880653974,wheat
122,113,120,40.23865532572536,61.851441655773215,8.75698430989553,46.756549108333864,groundnut
113,74,96,26.84666817874827,75.97519272469668,4.685104550181603,271.4810045496282,mango
93,78,18,41.41861354372848,52.86856734723972,6.687923128462829,281.91895084558956,cotton
121,67,159,33.60221426582142,64.84638472008389,4.924601487335722,294.34498990666265,cotton
108,64,129,14.794967206878498,95.41273415733043,6.1407758651506,263.19479262003455,coconut
102,83,172,44.82434792637825,26.618723169893663,4.307125646299164,68.70904855494315,pulses
137,41,62,28.45314312638694,40.31502175389569,5.119622938982948,32.93501529645607,cotton
119,26,32,23.71504037431776,82.39906615284355,5.816363981994497,182.28708367554873,coffee
91,100,30,33.06898175643343,27.89897655061327,6.193237501230274,275.5294075272709,cotton
63,72,117,13.811265989336368,26.052888312328868,8.887481291044466,69.658381264728,coffee
77,21,195,32.278852636367404,48.923311900323085,8.039328228419906,21.97201609475972,tomato
42,16,70,27.438260017474555,27.373436677794587,7.687049721559731,245.5388928890284,coffee
30,122,157,24.233592449950407,66.80627537649625,6.685206573709872,41.50279160028552,pulses
57,26,135,43.35570074126147,38.102020065327984,8.199988803021718,135.8376889348085,barley
137,124,48,28.288890085621862,91.65583705594979,5.696614178278555,210.08845441285982,soybean
137,54,101,17.669111781447846,82.68000646762053,7.5444955638665805,86.30332392773043,sugarcane
42,18,46,26.06372177820545,75.97641648795809,8.96891987689086,43.50951776508347,soybean
124,33,10,42.17855916004354,69.35552219076015,5.573144544675994,235.60594396763202,soybean
128,129,171,16.163341496570816,89.07725842731706,7.370087674419837,196.4490237683716,millet
31,11,184,17.48849635408829,37.84496492342055,8.221574320761913,296.77733565630535,rice
47,33,27,10.45603487149793,89.84870742113822,8.57903791675336,116.4062493295886,millet
118,37,93,10.496651728851852,83.15938387392418,7.589663454700509,37.293468161255916,rice
60,138,127,39.02870694354794,79.85286611101485,5.4180396170856815,225.6180098938828,coconut
17,115,182,35.62429123950345,64.90045424599393,5.6314107578447326,166.0853572789088,cotton
36,83,175,22.42643697581854,39.69953287764801,4.1037901606198215,79.69710078895781,soybean
36,62,151,34.44089050296505,53.883833279351705,7.804429888357548,238.88411692133263,groundnut
30,30,55,23.83220742084896,83.48565236310412,4.213698030309757,77.05153603798425,wheat
39,33,15,43.35138785992396,22.542278748585957,8.323261773013728,92.98526335322224,mango
106,8,16,43.84684384991122,82.56406154110067,4.593303072372694,45.90799522268136,coffee
37,103,78,23.747782153327016,39.20565923900532,4.859382560679621,131.84103812863924,rice
120,43,12,39.89776672193038,31.544736057728244,6.382632354161187,137.3001827024773,wheat
70,19,156,37.058116459411316,29.256105454424173,7.689402075843712,164.07730129752355,millet
57,123,45,20.849997801012627,22.180000956065207,4.695011025995388,218.5099947946577,soybean
13,33,168,18.121394011538708,61.886918817716236,6.200355375332492,273.7082600305192,rice
44,79,89,26.038212763749186,37.46078981549836,6.414256372050524,58.56554768858642,banana
58,120,76,37.34720942150422,99.15454126237053,5.0614282083429565,35.217467537623975,rice
26,36,59,43.60587246550609,65.95494046977646,4.577791883403159,25.188745406413318,sugarcane
55,134,141,36.72526741033004,31.030821548480834,8.182104614928198,60.21398585926855,coffee
126,88,51,39.932244475642946,75.10100326490922,6.512328248813827,204.22585601885527,coconut
15,26,147,31.10725071596808,91.81948532077803,4.071906179920765,223.69358183901906,tea
108,31,180,39.239274079474406,79.61435962956915,8.014906506545518,240.2215997878742,coffee
133,85,108,37.45473003011962,26.115188883155813,8.903969027072925,88.23829933321595,banana
46,130,46,23.194493967419803,91.67073449541276,7.029630977071236,105.65054771322558,potato
33,96,64,29.31966057422524,83.51435086879718,6.5185419354203535,155.27770075833985,tea
102,25,16,38.166359269639315,32.664312008449144,8.392079315224809,37.691267120863415,tea
55,51,134,11.611985696648473,24.14287109862535,8.762583948422993,191.11962649914892,wheat
104,105,11,38.28277488245405,64.58484602514469,7.772684579512303,295.44580942921215,banana
108,88,84,16.22608434171582,32.48286490719815,6.227264648671439,121.02576718584072,mango
125,10,135,28.013926599250365,86.76727620762176,6.961106996657202,230.7972930255875,potato
76,135,113,38.28964038445781,48.6667725337339,7.504676825089996,160.00949635949024,soybean
137,5,7,18.88373773548432,93.03139557892604,4.9713678550090075,55.78731642090717,maize
27,62,31,18.603260375715355,65.25505377128046,6.23600516108219,183.02648566472416,tea
34,128,118,24.096753946178815,34.61379073917345,8.149106323586425,103.96479516433818,coconut
63,19,111,41.31249791521721,31.167909388784008,7.273626742492215,29.632898366968305,groundnut
67,68,44,10.015497350302276,66.11779500462032,6.05602033605927,197.78032443296826,soybean
76,29,165,41.54840838246773,80.95068894899552,7.316812670073407,260.5010578109237,pulses
113,28,133,15.383245862456272,82.52045181937457,4.591112060362299,116.53553473196476,banana
33,16,12,44.65302316236187,42.060592355302504,6.007488052824382,129.28275321957574,sugarcane
123,22,105,43.419644756346386,36.339740712973395,7.965642689815282,269.4860712308192,barley
41,19,164,27.313631635694914,21.340504359390593,5.10254393568324,247.81046774285966,tea
95,31,128,27.945208673441986,74.33593209609356,4.929807537787088,220.1867905944976,potato
136,76,180,26.8542269096549,26.12546067468312,8.754093299582157,89.66317785088141,coffee
139,64,111,32.24052759808329,53.660896141274065,5.049488147931154,274.8606633906604,groundnut
26,97,105,13.175259578222587,68.13457312146369,5.30459289825084,63.236412110979636,wheat
113,57,8,11.141628191954828,94.96871559357416,8.84807969452169,195.49574543682212,sugarcane
52,12,114,12.01960249455646,44.94417095646149,7.673542851325129,28.064330553025236,rice
48,83,23,25.552787223453002,39.981772995721585,7.497982665117641,200.24154577098483,cotton
35,31,36,19.64417787268192,72.33281234288788,8.264631919272906,97.60041852454076,cotton
108,54,141,31.77138468298478,69.53912256428653,4.579115411183971,145.9095536114416,maize
59,135,16,44.73548012811727,46.568782664649966,7.529781182900036,116.67407457597487,groundnut
22,97,143,23.521311057676307,94.24814684078292,6.5184430466411944,68.37189174893876,tomato
69,28,50,30.08444389365797,87.58898619917062,8.1457532014207,194.15462122628475,soybean
66,64,123,24.54613635675674,37.91860366920649,6.540708593325972,266.9531554393701,wheat
45,126,20,39.65450837026508,39.13140363476185,7.101206771344561,288.5435878390729,potato
29,135,133,41.57827412117833,60.98402775096645,6.38871063199768,73.85698168309622,soybean
74,50,67,40.7074464271841,81.88576813845762,6.39079461777922,220.86437673763254,barley
17,19,113,44.103028353774015,23.523230351077153,7.839849890309157,206.01502264959103,wheat
124,21,123,10.963171479914536,75.46681229877653,7.142832003236416,116.14578108088031,wheat
101,130,25,39.39356567509358,71.85887179056776,7.166316008047052,25.347775819043235,soybean
107,88,162,36.31202605636827,38.51840767303906,6.251412419157629,213.1415492476025,coffee
75,13,17,18.00430432901277,74.5082410593079,6.655547481687638,284.73856095666,tomato
41,67,166,43.471203268563464,95.21465530016661,7.7285883310239365,196.99363413638238,rice
95,121,8,15.186227488048091,23.74286759774148,8.129704595559591,141.88196277253755,pulses
60,134,160,33.784247449686795,45.572164423365,7.482807010720231,167.04309035125596,coffee
72,92,106,17.871157588556937,55.05413733330842,8.620364944228417,75.89606614477691,banana
134,76,63,25.098322707092613,91.94082871397516,8.101620440736005,230.1523658510465,coconut
67,68,132,35.17059639305991,96.98091572873254,6.809318949047592,228.99755240275772,tomato
67,76,31,29.716362471156632,55.52921971970658,7.357030363218684,60.744844108478986,pulses
95,25,73,24.96256409648391,80.00227297137529,8.631541384605981,265.83394709990455,soybean
58,22,29,21.421845082619555,62.53288190115864,7.095840221215292,95.37312705252548,mango
79,68,135,39.38808794980766,63.022634779310124,8.124034739899153,295.0316970622522,sugarcane
24,86,101,15.03350226101848,42.24796120530851,7.4440525179499355,127.21284393042882,coconut
63,114,29,25.053600678543003,37.35649966911036,6.759681805302332,69.8075364456599,barley
110,99,152,41.631515012129974,43.04042767392329,5.209190977076766,118.48163117678264,potato
17,36,166,39.60473426609887,64.50624058056634,6.12998759734214,143.25049203521408,potato
62,15,158,24.032961686556632,22.33241488176712,8.838714124168579,39.406176450722555,soybean
69,49,130,36.708792726045786,92.57991554851246,7.288826916363,181.90114674252106,wheat
117,37,137,38.81062907481007,32.5026967639821,6.821976901694948,187.3370831632921,groundnut
14,106,193,41.11105984012704,37.607094149710925,8.664783127641137,226.9005274978522,mango
112,15,13,29.05770191672298,61.46209411581171,6.932558905187244,28.167569841408124,soybean
15,92,120,17.156131011914912,76.80918130698234,6.630412592087015,171.54670004147243,cotton
118,45,182,18.93581767763761,27.658324379551786,7.796554275751026,34.81408131578603,barley
125,80,138,20.349313591456145,45.415575803772974,7.563328094932722,216.32038159066298,mango
103,125,64,30.783086828336543,97.49396844594857,4.965800042042163,35.60383599627565,cotton
56,50,176,11.148336844501296,40.98743734247566,6.3565413728706055,275.2837975356572,coconut
108,84,125,32.26148640729889,45.04401160505175,6.362577214097926,216.58311872765904,coffee
64,58,143,22.75239834498812,86.91987924944269,5.891122576216723,162.06913422384397,millet
61,90,198,20.333463087137474,24.017154535236422,6.586467410761266,143.62109851872899,tea
22,96,179,40.782379975484425,57.16905350471767,6.065536988635721,56.588336515713465,tea
123,101,112,26.100083845327962,50.36934115613362,4.996727447355916,101.47982907810567,barley
133,6,112,13.326856593644248,45.32694079269209,6.061832436373406,263.30854940585095,potato
115,37,135,38.936136880918646,42.855967523581164,4.361384737865883,273.2467872374983,coffee
129,81,80,11.66744401027773,27.309928388832738,6.878929313872058,20.209358343748697,pulses
72,120,34,35.43622284588688,45.1860663481319,8.268272744705559,186.35818961371436,potato
28,107,25,37.086717761973276,23.444192217253487,7.626435421772776,221.40417052703182,millet
101,107,160,22.341091207510036,82.47710909155482,5.801970200270556,193.24915508812975,soybean
67,94,194,38.86757496972254,51.85822351664093,4.435356027886541,42.87033416257911,groundnut
99,126,165,28.04807920497587,55.512306585592924,5.010746996126354,80.96297166369263,cotton
126,110,167,26.21527786454789,91.48756691601052,6.727451702474179,90.09527486678809,coconut
71,123,184,11.58911485140424,72.64439870889765,5.035285416915164,252.8828967654251,banana
32,53,38,20.151021777711705,20.644728267369583,6.719865556424837,149.69584216649773,wheat
136,108,45,42.58534898098549,95.4539858369028,5.157995123819495,156.31189934354632,wheat
138,65,55,23.713838714922503,38.9715572782169,8.244619347380365,281.7700530352624,coffee
67,127,179,29.134518219486893,28.609134780788708,5.9863573642022985,198.38404887932035,groundnut
131,138,86,28.620758764448812,81.45025427047058,5.227753129722455,271.62695643474586,banana
10,13,62,30.665088143794268,60.038185269337454,8.061630901235308,147.82247949562924,maize
43,10,79,12.146583447514892,54.7016452814414,5.7141948240272535,61.84215238512238,groundnut
105,77,189,22.67616891795549,39.960246374619345,4.55743843919391,280.381966340744,banana
135,107,27,35.309489585889395,63.79771918898549,6.852047457018208,148.4374323869107,wheat
127,45,180,17.019608787554404,41.950768416207,6.907821022189943,70.85679812607012,pulses
57,118,132,17.125243214122616,92.12664042296541,7.573478376178671,104.67080728509823,groundnut
98,12,154,10.353171234115866,37.21635837865542,5.201097166041928,34.224725112903826,coffee
126,76,21,25.31186743128734,90.74841203646028,6.218856695461225,151.12416560778783,wheat
138,96,73,40.89570332356977,64.75243405818856,5.411839595213281,258.8758881348663,barley
25,66,112,11.816533025555815,86.27905071161928,4.4047686805784405,281.40252768187304,pulses
78,88,143,16.689154832360092,77.0276796688764,8.383069135079458,281.12861810102027,sugarcane
31,66,98,20.852958841996426,75.73560891493989,7.644349022441705,55.06440717604909,groundnut
102,115,19,35.610365779747454,45.94766461560446,5.507315297294003,126.97508710309596,rice
85,131,95,32.42224574809053,38.71175451777628,6.996864964359931,27.904052702197784,groundnut
95,11,167,24.558036660364927,36.870898214463054,5.006318940672362,259.44629659201235,soybean
38,88,37,36.56741287404315,88.5753325647671,8.451183108978855,120.45161336595666,cotton
78,136,129,31.337085407991566,85.6341456207216,4.574531716809552,196.71276780982575,maize
56,138,20,41.36142798800267,55.245882240984585,4.019185727539004,220.1715626616408,soybean
103,62,166,38.630936219854256,30.59236907971637,6.510040988695911,140.3565075280835,coconut
94,26,70,18.84847621312202,50.58018015819667,6.915639117264346,105.80385423406804,potato
48,131,172,19.50035021719701,69.54747633095292,6.894826601479021,289.4196148324645,mango
109,7,160,14.387476652733497,56.35225235839623,4.272559637189131,290.0567030066792,barley
42,131,51,21.793765400110978,82.4151414786396,5.570219034592162,101.04218304840614,tomato
110,45,171,44.9840371551683,99.80982578011083,6.4959947342066595,154.29502708844825,banana
32,110,152,24.201290901527134,35.290567075911746,5.082895928136205,292.3963644248063,tea
19,18,128,17.717095214118725,56.7720655727658,8.363129427429481,21.363154143540903,coffee
78,16,5,36.68690095664435,54.47871215366576,4.43554644730717,135.54990954616179,maize
109,91,91,28.986485121192963,44.35940261991607,6.4369222083602144,48.12811391067116,wheat
43,16,132,15.236050733443339,35.847641337623166,7.45708028756576,162.56423035752874,potato
105,29,195,23.3241388406303,25.255369319172736,5.308755500672412,26.907587271336403,groundnut
10,49,71,24.506440043877014,90.96954537789587,7.121203684987591,133.9315607893758,maize
78,126,8,36.38403951992265,53.58789581490541,8.146925750711873,81.79574093989383,coconut
13,59,190,10.723497911216656,59.75164148000391,4.951684875475237,169.3263414884474,mango
25,104,157,19.415687637940866,93.35536385607327,8.586102959124315,298.8782217481959,wheat
33,123,51,28.115870546043272,82.10323820127583,6.7677926633117895,244.15010943548936,tea
89,57,42,19.40963598584952,30.44010112937474,5.496160021505303,256.77978565483795,pulses
11,36,147,31.99519165966496,65.23359740861939,6.154291376911353,197.87419646054263,soybean
137,55,195,26.865361774611582,55.38018212156473,5.56095941893194,31.636757516232397,pulses
93,48,25,22.65985892008532,83.77688580630102,7.62555579966658,77.90334929236036,pulses
133,86,61,43.22230194046793,77.93860380895595,7.981503317075661,279.0180758051754,maize
42,41,121,32.12558247152601,75.23245775288575,8.164686961593304,122.51167302005034,maize
110,100,185,14.547948029377942,47.24358683839175,8.928841247928705,49.018283414622765,tomato
21,60,50,29.603209410518843,84.39709843194036,7.9564214624834175,216.67350244253655,tea
76,109,146,37.325614862031536,24.191303647588896,7.006920353442817,103.84816270159129,cotton
74,63,149,34.79713941224791,32.76999211457338,5.696101491958919,95.27993561316808,tea
83,135,43,16.02312302533408,46.84986183823294,6.722977243553747,299.4336875563129,mango
52,39,141,44.034699966403615,26.1445952855425,4.205340863952027,260.2788990074632,groundnut
53,97,103,25.708477601131207,38.79954220277533,7.724125377649566,134.2225891429955,tomato
38,101,81,15.565875130909145,86.41207863983345,6.229777725460509,294.4731381886197,sugarcane
21,139,119,16.30685139448518,95.86012302320634,4.100116148660938,202.03170255737982,potato
104,80,138,13.438224726617818,44.36818846193524,4.312534707552054,227.76628652633286,maize
55,53,155,38.1231337952227,41.16126431910706,5.9373323191087835,28.823652063019246,coconut
139,98,191,14.271067301264702,42.39141217971415,6.917107595092175,54.04947261745599,mango
44,28,95,14.379383999961142,42.217526988067505,6.321019744760633,197.26383541894674,potato
90,41,102,39.76650651662932,22.87441457487784,7.0960215864607745,271.7267151418555,pulses
99,8,124,22.061142955664586,94.15330770648865,6.401471293956779,194.64824330452677,cotton
17,112,50,11.080026650782536,37.09585132562627,7.308519227406734,57.5269704093177,tomato
102,130,42,11.81633548314438,53.6003259265124,5.095630323354005,52.412812948970895,pulses
99,24,146,14.975965634636346,20.77495061927742,4.564215935918107,256.37205083074286,barley
124,54,104,17.468767179149133,88.63640727320457,6.9821697731283,59.004654838216005,coconut
114,100,76,33.28011679834419,78.49258755639337,6.423447584681537,165.6649489411271,tomato
67,109,194,15.506419800063988,95.74048281389625,4.134338270224676,30.391729589444637,coffee
123,121,39,14.160603691197519,82.52923833571192,5.902409427465179,42.58753486952966,coffee
84,102,151,36.765169951669776,45.09652096416522,4.530627927454978,208.25751494000215,cotton
129,70,34,33.486934935097004,39.82986869827389,6.656784158763476,212.97079491970467,potato
30,83,82,25.236347750933266,75.81730460426343,5.9788883983021535,115.61143385036387,banana
110,10,88,29.22584200180364,49.12902200083995,7.06575955551509,80.37073426805253,groundnut
108,43,117,20.91944071142465,65.29720126020933,8.028011093851191,247.83887581204624,cotton
45,119,29,26.887514708237624,20.50059768211762,5.498343419207454,80.7889042515693,tomato
105,129,172,27.7335427143961,24.95085613443802,8.810510520825137,171.76757950658632,groundnut
46,16,92,23.553304491233355,62.8294352945321,6.678172502937873,291.0984754416135,banana
21,135,18,41.7300273735257,65.28573171585322,7.09145399377394,61.398682601467456,coffee
122,22,158,10.562165274335214,80.11623555674748,7.4033618661286855,283.4453548985185,barley
22,44,106,37.37599420819362,30.557225569916938,7.333657649287948,71.21005485922723,soybean
32,25,154,14.353399093446352,61.05464670054231,6.554853715225311,178.88409824650427,banana
108,103,180,37.91415761880198,35.55581155453509,6.143821455573418,125.56215934844849,millet
114,30,87,31.556917048685243,27.455689565015575,4.26890982088689,290.18000842051123,tea
39,12,114,39.51473318277408,52.83966352484437,4.110429226505898,96.59176812054234,banana
26,104,183,13.413001397431412,33.06693184712458,5.789805972663823,131.904240584011,banana
122,91,135,29.564322193492092,37.74255825538549,5.668304453168464,295.20083299951773,wheat
71,46,174,27.5380758091769,45.40436638956014,5.938475774195034,170.2117095327725,soybean
93,18,23,34.716761403717555,40.7510720594557,4.69184100444095,160.73643237395098,banana
121,82,32,28.700169316278654,27.00730379247571,7.6908413526842185,92.17797669711756,groundnut
95,6,177,28.925709849658645,27.193299588776185,8.284822073881195,216.3817968869236,rice
28,123,75,25.035858025162263,35.45995321873345,8.693573176870174,24.02442649777774,mango
109,41,67,20.809204840256932,24.044735036763115,6.461811517598129,33.86353631664219,coffee
85,73,77,26.879252643826728,70.11656157415416,7.504328495627143,187.82040439802475,coconut
18,45,128,14.147232556894021,42.98613732071216,8.277755617179363,115.66888066916715,rice
37,66,123,43.652966864407965,42.379677421525685,6.09145555546743,286.928584216269,tea
137,64,125,35.00437672693094,46.559863539021215,5.547063974352222,272.89339340237996,banana
61,129,23,43.33634908407464,73.02370193677774,8.68362277926745,219.83775242947803,coconut
92,115,179,17.935458381548713,89.65071051867925,6.578382755385365,249.08076271578437,coffee
120,18,146,40.77693570617848,80.72695460445107,6.48626943295439,206.85291790695413,coffee
126,88,124,38.30764945972385,78.2023384180076,4.892080482817478,55.16298875884499,wheat
78,134,170,33.70033443601858,58.75129484806794,4.540775072866784,234.35214351297674,tea
108,74,185,31.876021512982202,75.50444455739294,8.210534312417558,78.853751241277,potato
34,127,65,21.07923828437545,64.22098944268666,7.07066588093759,110.5639994280551,pulses
132,93,168,38.574377473776075,37.30004225492231,5.6291229200972435,249.38557938867766,maize
62,32,172,27.553041151790683,36.68706941928406,4.958681086951333,170.2271703501655,tomato
66,70,34,12.481205156194989,43.711360550022675,6.777486400848157,260.7833999713546,coffee
48,9,13,20.95021062992955,92.86421367758506,6.919596446305677,79.64988955611398,mango
118,49,68,42.73539844908647,63.79318723037807,5.034968006225291,190.1779628099284,coffee
51,51,165,39.77380912116962,78.71243016014955,8.25702873945737,43.461472313513255,tea
131,35,124,44.36669943267887,47.724700785323805,4.421321830779256,200.0570781912083,potato
84,14,56,31.979768391143434,52.61726165321802,5.780465425832109,233.50953057714972,tea
85,122,93,18.66285255991442,30.04524629098011,7.401922068812611,183.78065031404208,rice
18,18,146,15.698526738690232,33.70359662573363,5.370601819096003,94.54482041966688,tomato
83,84,57,16.542005421296157,86.18852438609164,8.13837597390636,28.775947280482683,coconut
16,97,191,10.692848042153903,66.78709053511056,7.6993391330020176,53.44568751000001,mango
36,14,82,23.67387388450787,47.002597270705515,7.945114222740671,194.24483414072733,rice
131,80,45,16.699968817483988,84.22809671964367,4.595532679383581,281.63766071590385,banana
14,98,72,24.407941115984585,39.72159245103864,4.702735639977715,77.82963311216179,coconut
38,109,12,42.72480511435679,98.0826158880163,5.432368688722918,225.80732174942767,millet
92,5,6,25.06890733275165,47.58540861969358,6.590385825987806,262.6062977097316,coconut
118,137,109,40.72945739446922,46.98487633209821,7.740080383497012,165.8470099653031,soybean
74,24,129,31.192666831555677,44.95295244293642,8.182654453804517,207.39442283622418,mango
95,12,114,18.649604413148715,29.768921273943036,7.521676579785902,248.20428866932147,barley
80,5,90,22.4549165740724,28.890971786560993,8.642984407653191,92.9890441673662,mango
54,61,173,12.93718375375003,71.84840276272988,7.693717548079651,103.13078879505203,tomato
45,68,124,21.671190775860367,90.00944356464376,5.531339435023074,20.175704655967728,potato
79,122,131,33.71393309262369,83.24164082173388,5.325406421692863,289.6663566513847,wheat
28,32,187,12.52388825253023,31.288607521708087,7.480962251505449,276.91257048697656,rice
117,125,20,17.189049296731028,63.64656974336532,4.964352843448071,234.0791138526405,pulses
100,111,66,23.350436449465903,28.447323678131198,4.4635740540513495,42.14128587346147,mango
99,53,117,44.37173379555869,23.623571489046196,6.661114374280969,145.30080911586228,groundnut
28,124,180,37.47016380356081,72.51086875078138,8.108207848894777,48.52969111203478,wheat
48,48,162,35.672036127223635,62.81218669442802,4.5068992123493175,24.45767483358361,sugarcane
135,60,16,14.066683478390608,26.56189481691767,7.959456618978646,192.53123025952723,pulses
135,115,39,37.334856276524704,22.795139712479077,8.05786002175774,289.03223678245274,coffee
67,138,15,37.48440840306053,99.18051307274678,6.411370000407718,272.803046561002,coffee
70,112,68,31.03859434685149,22.40170657192575,4.286551550052434,215.09134818191322,banana
136,118,54,44.662662369943014,55.56226024401277,4.872949256235932,47.059363566163995,coconut
114,82,153,21.383886707359316,60.36952196861564,7.537131375809661,96.76593054824404,rice
10,134,73,42.94453568846481,29.382411824035604,7.5588897249547475,109.61588352788146,maize
101,41,52,42.015589023477624,33.5249422751773,8.491776375838327,233.68201616875714,barley
122,24,24,10.401823091228225,48.1444005128282,6.913430732772914,244.62977018583194,mango
65,30,105,25.754078426618385,80.93407009709301,4.620536838568887,127.82971443717771,cotton
126,33,199,44.19864815680506,60.56659392482133,4.607074527524861,137.00751905293072,coconut
67,5,176,13.609247684282654,71.03214996423692,7.605661786784118,32.462530997327974,groundnut
53,123,165,29.17246430341618,98.81396440725398,4.918923325539506,100.95828115725308,maize
70,39,193,44.26351274643864,81.44043482505677,5.641927498083026,146.35984960973917,soybean
56,63,141,29.442339843705106,54.748919851297416,6.43606003460957,52.755252987872126,tea
89,73,72,16.64353560402546,55.715353743723895,4.123824387880756,146.914889011406,millet
127,16,39,30.376413053240643,69.5017661632804,5.244095135099659,258.8892274321841,coconut
29,24,69,17.155420088234138,73.22921667351235,6.0394480425364,182.76988552301495,rice
56,47,12,28.18964920130695,60.0568740669337,5.398181592466031,42.10035941075545,potato
58,130,49,12.59147762693218,71.58889782519839,4.681851637337829,73.66796927247681,tea
23,54,91,31.19189342250416,21.882599553127903,7.640061288980987,152.87241804439574,sugarcane
10,33,179,28.087647869485536,54.36982911174753,8.065738275839925,121.21640195010738,millet
126,43,172,35.90564790665121,42.31504608587814,5.287394880718624,120.44356547290765,coconut
63,42,80,32.07451649055747,30.33395561944883,7.872097473031516,168.19488548020524,maize
127,88,186,29.236219398576484,27.96372102470201,5.927767822006569,183.6308580450481,coconut
12,132,80,34.14225972368424,68.2553732491734,6.533428954270014,243.1212396773335,sugarcane
21,130,178,15.03796697502808,61.88804377220894,8.280005374465764,115.47063776949571,tomato
83,49,51,30.837588144051143,40.28672935970953,7.74976840901204,245.53055925136428,sugarcane
25,56,19,16.02387109879722,57.67600470180116,8.025584256580888,114.8111441515371,maize
111,84,109,42.39327727481583,59.37858521459266,4.684225832931784,35.52123690354547,groundnut
126,128,151,12.391693669596147,35.60071843508926,4.348597129168647,175.17254228134152,groundnut
17,123,30,25.063116239177766,72.16744495053206,8.467023645439935,184.61265097054806,millet
131,12,56,34.35291171794057,82.47354851088724,5.9391713478554715,281.67126877412085,wheat
101,89,97,26.030777408389056,83.31708327116152,5.439398390348404,223.29717129749284,coffee
99,133,154,13.223333863151582,68.19758645627641,7.623481271309123,276.9763426984431,groundnut
69,12,25,29.368265564434758,60.93108660152112,8.182077982899283,274.33721886804267,banana
37,100,55,32.45711680895741,24.88057144043159,8.312448109491505,189.2807508723078,tea
110,106,42,34.632730884667765,43.02650390812847,5.579985705626137,167.77337829420532,barley
50,9,24,23.064093506196564,27.461715742253592,8.26106195600837,176.083470805808,cotton
55,90,161,29.728098986006678,97.10585287027789,4.204669721871727,293.93262614962936,rice
44,38,183,25.77402662286196,30.806411698060856,4.248307457298594,236.4869536891485,groundnut
91,59,136,33.52196135632887,32.142032788088166,7.117595975870772,49.754453341870835,banana
124,123,59,30.42449385636865,91.16612946643937,4.315531845577731,237.95995389879198,pulses
56,118,96,28.40146768456972,95.51426267811662,5.623045842550807,67.75065369150325,banana
19,30,32,18.7333528393387,81.26632313879279,7.36377993123462,145.25815372157518,coconut
65,51,8,10.070648121188187,20.43239389381359,5.686334480271132,78.9287082094296,potato
39,117,154,16.092858635900022,20.107701676525096,4.8979989072004795,213.08325834930434,tomato
118,80,80,14.097311449845904,50.24806158299606,5.406753109269208,265.64672613404997,mango
14,76,177,25.71796607538314,31.471629600871402,6.2878766612521595,101.30132790267066,cotton
128,93,71,31.429035276664564,21.47089137212778,6.376929276777412,42.96300753829254,rice
42,50,90,17.457975303968286,57.12533515236038,7.91500115673601,103.57806746098971,cotton
127,37,198,42.866998358851546,95.44495179255773,7.750766147157563,208.26132022101442,groundnut
74,5,166,10.233874522836071,45.90556599219451,6.284089022780676,112.05283571524599,soybean
20,35,95,37.030535530787006,72.89125427429572,8.228336745493857,97.87140691506495,cotton
94,57,187,31.88216693356548,72.17882825059526,4.571185692956979,71.64185336359418,groundnut
35,52,109,23.074418036668867,40.086408293213424,5.276766751144507,159.3045995248414,banana
72,73,5,11.767113054434278,72.03401990590915,8.139882317511258,97.26567188401252,tomato
95,109,76,31.962030012449777,36.9867179429513,5.8899701931307655,224.6828977590553,potato
68,94,91,23.49647295029768,29.760593086151125,8.905907793969211,41.454272557816765,tomato
36,67,170,42.76934987946267,76.1106628447752,6.331266407639177,205.9292492711689,tomato
107,77,10,28.969652621141808,29.07526536831334,7.9596781148188205,86.51680407897557,coffee
114,93,157,42.887802895272785,99.75273748714842,6.0115352069118595,156.99819309444888,sugarcane
108,17,149,17.716929271565643,34.67619209201835,6.124767595312152,100.10517816875297,tomato
138,77,65,35.400406862743615,67.5313490205166,5.914415736420917,222.37522928302278,potato
64,81,16,31.6037157297054,52.90996571300715,7.595378102554059,284.68597127045825,groundnut
15,72,10,35.879288044095915,30.110913792453367,6.737589420299972,276.7814982515477,maize
104,102,31,17.513375239038787,22.227512606193073,8.718890556841846,183.35934024034552,tea
111,129,140,33.27480806832208,69.81858258342666,5.254451582670524,149.53088491195393,mango
12,106,128,27.431413756990413,84.54060510313009,4.502813660417222,249.12414264302691,rice
32,136,110,35.99887412172107,87.36125292053953,5.966307425496076,211.3313815357644,tea
62,106,197,21.446562545313622,58.61707784615476,7.08356353823388,71.3979519807412,pulses
92,23,189,41.15199589128384,82.19643737459084,8.303994684577475,249.85737981164007,sugarcane
94,86,97,12.950546011397263,73.82777067908359,5.730984433401638,140.08762903051885,sugarcane
87,27,113,38.25162615769158,77.94036219993066,7.268933755622308,72.91598479192903,groundnut
119,87,103,40.146186903528175,59.40792041774513,5.750993405116095,98.90325811101789,maize
10,113,172,38.60383089783874,70.67293921937016,7.0860979149722905,94.90756846953586,groundnut
60,79,146,27.94542379916216,84.44207308608456,8.424039735153254,165.37795288896882,coffee
13,133,39,25.343474301076647,51.830734044561844,5.156788211297045,85.62362538980514,rice
122,92,180,44.869180028370685,84.4783120694067,6.021208210535196,54.59861647244133,wheat
41,58,88,18.021018292495675,67.36134742312503,8.966325982148732,54.633438171853,mango
43,93,60,29.14065880566156,33.2720819496629,8.342785141247305,183.31733519894706,mango
101,69,181,33.47364338838139,21.97473257796677,6.82319928948101,225.732600877826,rice
104,80,145,34.53036725515012,49.02028803193217,6.583137959271377,110.02924247473543,coffee
81,64,193,17.140863300850256,63.735706263707186,5.423001911523405,29.702198747924783,coconut
48,97,53,32.88979323189304,87.18562817627907,6.586047138467647,55.622968342363,coconut
127,53,50,38.642934826846805,30.198854411219695,8.240907491399735,276.11447689437597,tomato
12,39,117,11.750650188738927,84.01650781468634,7.425872566388903,158.19222468504685,coffee
132,106,194,41.90324526638608,89.04072368537815,5.4502201408899325,147.00038669224892,mango
59,15,140,11.032641930082207,32.054998960066705,5.007319605267664,30.653769926825454,coconut
21,103,47,22.458986137093802,88.12754554433752,5.326042684984145,224.01836624873175,coconut
63,114,152,10.553461868153672,99.31628542742337,4.8487960069641325,167.8590626609821,pulses
66,78,128,12.700080898885364,78.147106483859,4.47820348011858,76.58266210422582,wheat
121,13,101,41.89088998130276,82.78157454599904,6.095680872210275,50.820652850696014,wheat
56,7,94,22.420129076115174,99.55322140470987,4.566498021991339,127.34860181695959,soybean
94,89,43,24.867003564876853,68.43850004207563,4.859562788635522,254.4053499746072,maize
75,30,89,17.537053348389342,44.630910561299956,6.736623421697431,262.28247657628685,tea
84,76,181,30.89835195653519,87.00246672608445,4.822996368497874,188.7969865107782,pulses
112,52,196,30.818112513722635,69.1588622009305,4.319398837154514,223.71019962443995,cotton
47,121,66,23.027013713882674,66.49563389767653,5.586944250139426,52.2436204728037,mango
59,16,110,21.65622051318894,40.29084444112306,5.101595493109837,184.67529833099937,soybean
107,137,111,40.97375078632057,80.50674156663092,6.576525939971884,206.75039697641088,rice
91,52,58,23.414948387477047,26.5333820688077,4.511835422916047,76.19959601586183,cotton
39,41,130,27.272534725404288,93.94296566357289,7.758853938414891,266.4433252148725,rice
88,48,13,19.915666684872573,46.06587686163878,8.531167597175692,74.59908650588554,tea
100,19,92,37.53693261749946,30.221972223199238,7.717175869780972,107.77366075700611,tea
61,47,41,23.910685491468207,55.389322648193506,6.664135187006972,193.7559171665684,millet
88,91,53,27.97638662905136,23.397592740522654,8.303339108944424,198.73801823660463,coconut
39,74,45,18.86750095208815,74.7700955411973,7.474591898907537,215.82772747646283,banana
115,50,21,44.56808573194381,92.21644083562849,4.052755612250949,51.363279659097586,wheat
60,112,92,20.2023509323303,86.9810405710807,5.970450763872515,257.85004037999545,banana
90,127,25,36.97598858169431,30.189557875830488,8.254759497034001,169.19719703931275,potato
38,25,55,24.962347762486573,30.10169096861855,5.729294289876346,151.97010234941914,coconut
83,111,63,17.217609177944894,85.07475858594113,4.176075867627618,294.7073348637827,soybean
26,84,171,37.99015673877014,93.94034196824927,7.730898192761361,227.30592314348553,groundnut
93,51,187,21.67623761601651,56.85358638667913,8.010191351414342,53.04168745342496,groundnut
78,121,45,40.28176715892339,59.917689353101274,4.8029684752165425,231.8309668233474,rice
43,128,43,42.034001472123805,45.46096331085807,6.686702484215906,46.669701512403456,tea
15,29,145,40.093834238694654,91.54120946051312,4.959777194978629,27.69175750363576,tomato
62,40,196,11.225277018238199,71.59223242338848,7.596172095220734,133.0152506755712,soybean
135,55,15,37.5580670751787,43.06012617338948,5.357752275887428,298.2018883893812,sugarcane
52,19,151,24.396881327470034,43.90262968434013,5.58107561281665,68.96750213456154,coconut
124,72,143,40.58030220637788,91.29600584508819,8.224854268200506,208.3404161875012,barley
120,25,81,32.32839919396586,21.090721912465717,6.381611761034522,68.55089853771342,millet
89,23,131,39.177509695038545,45.81812581813107,7.348772256091239,222.9403529883481,tea
104,38,50,27.48011194533924,64.34853449730952,6.0118652536123385,161.4990271065913,barley
127,82,49,28.72589266096265,31.85739696794597,5.490034285968777,210.39207882502535,pulses
17,129,5,15.053567124678352,27.367900335967185,7.127390302123307,76.80448925598569,tomato
113,121,172,37.43955755412744,85.2221064872448,4.774287870394106,228.77593310574056,mango
34,56,112,24.678636408344005,91.55235109188058,5.864999177834315,298.77333669435785,tomato
105,31,23,27.50280413950539,85.88851366385515,5.045185186929611,206.38214017526874,soybean
102,39,80,37.47841999334977,91.90303117898782,7.4789748347037275,158.17439946040574,coconut
70,110,76,30.959589002780366,64.24895768466972,8.721044191730538,278.48871681339415,millet
131,6,193,17.03845546049336,84.98064967922735,8.977554840079332,24.438515824925364,groundnut
60,81,113,30.658143070281245,50.723411071288034,6.251384052207953,224.37858540002992,soybean
30,136,16,24.26715002928795,73.30142891832308,5.2626519481822225,268.8490247078676,soybean
14,94,193,26.433393971535192,99.10684251113315,6.214146851921621,37.26888341386809,coffee
101,93,165,10.990894604093372,38.05821790713019,8.23634704981362,146.0179677164123,millet
70,98,49,17.351027233069857,51.19197970328645,5.030028392760199,77.3214471059997,sugarcane
31,11,94,19.83633284833599,58.40379018480685,8.76047825826462,178.62508636459242,maize
79,99,107,34.9536002750582,31.041238961604137,5.709328843990755,201.87202840902495,potato
10,112,12,10.402236565434036,26.48308883720454,8.929018297251524,104.7344912200514,coconut
21,78,157,24.30720414301962,86.37782930572995,8.193044437669812,148.79486750986823,sugarcane
99,43,95,42.34094046490065,98.1435498262069,8.042852670736952,98.21505587743665,tomato
55,75,178,13.915821579219335,52.3780051063727,5.589523368866418,123.42952604743186,cotton
43,60,91,28.074853587651386,27.011986895572264,4.0438860597396475,64.6711878727586,coconut
87,46,162,37.52828338367965,25.264940855246117,5.910664544129939,267.9566442039768,groundnut
54,40,179,42.98859576320409,91.3054565088239,5.509046848313469,22.8029149565582,millet
82,88,181,36.13718238368013,57.105139978214396,4.186984952043987,267.0745722042608,soybean
35,122,179,35.21979420255421,45.60218532499135,6.526826282529648,180.0700859379268,banana
56,11,88,38.92708315685168,58.11690169915196,6.015156556413683,112.8641963695649,pulses
130,58,86,25.617042734214028,45.464327575387784,7.1727823387076235,222.45599512889234,tomato
65,133,150,38.20455864162416,59.1228620246096,7.105931610970416,162.17060252154602,rice
103,124,198,10.27875416609079,88.76451175343495,4.603733179483401,159.75042427012983,coffee
116,110,72,42.359636938188174,67.38410968496765,8.884827730633113,50.839839217310605,tea
72,51,165,25.51572783310114,75.57230182481403,4.9346571472072345,129.06448726471444,potato
57,127,131,29.368306575301165,49.17365409874692,6.226370123823523,87.49801683988626,millet
70,123,168,18.92087871202088,79.0804702808415,6.4405877171686745,24.3948535669583,pulses
90,122,86,35.98857914941475,73.32936679034978,8.065313986070601,120.82789661899172,barley
35,25,151,12.682253226633708,29.564959820164518,4.496147980473234,45.15019623916933,millet
45,30,160,40.54225308913924,65.81142824924677,6.143221396042659,91.91241056305185,soybean
10,13,172,38.984089015222,40.53947970478064,7.14251085118102,45.904653931266445,potato
17,19,88,17.562104068566825,84.32765357068743,5.075778108120278,48.26365515579168,banana
122,14,117,38.32635393998419,54.07501667735516,7.137339493830364,75.72316243625272,groundnut
108,126,80,37.52252065715185,99.57473321571898,8.618324187748264,299.9577884561921,millet
56,125,126,32.127580921388216,27.400035035117103,8.987590655863375,20.611560000029655,groundnut
136,129,147,23.073206191489064,82.42782901921268,4.1622553839533785,198.82833811371347,banana
65,76,45,19.502456396365375,73.89613868337251,5.177941141223387,59.548235447436056,maize
23,53,171,18.11242566012725,81.39990644725643,5.551535578958488,277.7758782790172,maize
37,95,6,21.151313696726252,44.60238363923651,5.995630502224831,46.21721013341619,rice
87,41,195,41.62454552013856,59.36435915059205,5.211285787923837,287.4176923953462,wheat
139,72,33,12.717427159607345,83.72068157789667,5.017439972776563,191.0593884953738,maize
118,54,109,39.01049466885355,38.6033065296684,8.7727692120875,20.355061536337267,coconut
23,23,198,22.211152626463825,38.08265574309217,8.59260801385259,270.32201541670565,barley
65,104,55,28.255978860397537,64.0840762635946,4.234962505015587,166.07930438273712,banana
124,64,79,37.80699717769717,61.88508636238846,5.69406510802424,93.54752589253567,rice
16,93,14,40.953179145804,42.58099763303463,6.025742768392034,234.83816970437644,rice
12,73,146,22.067349702542643,43.84605204198582,5.195072673329717,279.4663550883236,wheat
120,53,55,26.16452184462886,42.22761305652524,7.144364484940878,155.4334304811023,coconut
116,112,122,24.50806226858773,81.72096495987901,7.201903733221205,108.35497284407104,mango
27,123,125,10.463786172636869,72.15206924499685,8.252521141642985,240.9046347017795,potato
47,41,43,20.35800111005298,86.59337467282022,7.704346341926089,210.8999393807673,coconut
124,15,32,26.071623180639662,98.03784226512175,6.712866634829778,268.8506954500763,barley
24,82,7,24.388276310815392,57.933143701758915,7.2679338502221,213.90392357313402,groundnut
128,81,88,35.267522963048776,25.33551051243591,5.36994390771509,88.18793489187016,sugarcane
37,6,159,23.468126602738614,23.847384832962835,6.965280949836789,280.86458993252535,wheat
48,68,121,27.12817571397346,43.653203141729534,6.446136273749596,49.35400921767757,barley
26,39,6,25.036300724632717,94.60356714819608,4.666722336581852,95.02397002991741,groundnut
95,11,97,35.92191521130297,61.857044397669995,5.212721382914854,165.65449016268798,barley
135,89,170,40.20403396454369,41.742921286410336,5.45846725360793,178.4077672998524,mango
53,71,135,28.616117765262995,51.93334356088157,8.62154783526279,24.28696425553352,banana
34,46,148,37.63012679683169,67.88760859237367,5.151933196929447,238.56036322986319,potato
22,122,98,20.38753387069477,72.23597265102738,5.446219514098341,121.25004915910907,tomato
34,129,44,28.947936355504403,32.3135607826324,5.846770650447161,133.7971914805986,banana
77,28,6,22.083048378449035,98.16253412361408,7.318713693126935,246.62347244234482,mango
76,50,85,24.49703239501406,63.58177815862311,4.5911919623607025,126.19934968371247,tomato
118,23,173,35.6344852684434,30.855065423382342,8.76972606246888,33.222965418531345,cotton
120,72,16,40.85818688164494,91.4908202676907,8.327856100473824,69.40313573169809,soybean
120,106,167,14.25233868807179,25.971074486354304,6.886080365044751,287.6528882686911,tea
43,46,69,32.21237397705832,92.61883465420101,7.370189337124784,39.71350147270397,cotton
120,36,59,30.375033265222946,99.7252525031186,4.08330235622108,119.38073627104454,tomato
17,113,49,14.144526371157616,76.03454393252031,5.694723876742243,160.8901667743765,banana
122,40,105,17.416301565403817,81.63577768591918,7.97830115330721,158.11863165479681,cotton
92,101,66,20.88508731564381,46.984226917398914,4.38741486896193,21.10878404339997,soybean
51,135,53,15.84258747861255,95.3261482187147,5.411569171053602,160.3255648080973,maize
110,77,131,18.530531888351963,62.37711728866941,6.926484141671557,127.45628823367458,coconut
15,101,157,19.366027960159762,78.5910757278044,5.282065138494709,292.182213932876,wheat
35,127,27,21.748584156367087,93.92861727290236,8.669889870722596,64.56454351827236,tea
73,74,156,36.22866584804056,98.01439807804067,4.655293154021452,119.1631750926586,barley
68,17,42,30.016927134771024,86.65634852773395,7.986971789538893,137.45481582514952,pulses
118,53,32,44.518633518299055,44.241400558562404,6.539743459532041,129.39419038826566,maize
130,64,25,24.515753943861483,97.3238013241666,7.75165387909978,206.4326317425215,rice
42,134,186,36.385277584292375,70.24956249948573,5.553576641557237,80.34360011337527,coffee
30,9,111,40.50139474817868,94.45139810815678,6.572448011560194,81.90003478791772,millet
79,31,150,33.764247256331466,74.08840206514814,8.28417674861588,224.17906558023887,maize
121,12,168,24.41526591461236,44.57911694781764,6.334390495615522,160.0813452298903,cotton
13,54,103,36.375812076101354,49.60196193142528,5.7985993095513475,136.24358929604693,groundnut
103,71,177,17.12834982204397,64.03774216823524,6.68077693126368,67.3768544696305,sugarcane
84,48,123,21.464325781304634,83.20118732479057,7.586813765181835,72.50762241540664,coconut
71,129,77,29.133983928475107,45.438604107226794,6.217816727492513,22.954458308452153,pulses
103,62,185,30.13932855501519,66.37849329073536,8.694384875711364,45.59935528127859,barley
104,7,126,10.774951641542032,47.64999948611212,5.474729120211711,175.9148345132675,coconut
64,90,34,43.07899660646031,85.26155237080857,6.377318030845602,269.72447640235475,millet
40,74,192,34.38195449260865,57.33824750143604,7.784638296707207,100.40613423655608,soybean
49,134,112,27.349631258116187,26.13782614823082,7.445605452478791,111.76922325091589,barley
45,6,102,42.65945320429079,33.28420171852291,8.31820526208578,52.36957097122342,mango
15,106,36,25.368344783778998,24.888373409570583,8.984045903405544,128.8166647699888,tea
75,39,199,44.31524495946301,59.94423568114602,6.134291643975448,30.422077279412164,groundnut
84,102,199,27.929966503521978,28.506983787858175,4.555754398916559,276.9281949533321,sugarcane
13,34,160,14.000001949929281,29.13119754477057,4.15207940403984,208.47117747486803,millet
88,120,176,36.7680340360747,95.28386080307017,7.634384530698858,297.4096666301013,millet
127,12,83,33.76142037772442,89.81240577408444,8.370068356543579,267.19048554997823,wheat
122,48,45,37.05453524569553,56.16692774490928,5.103562929722093,152.43736623548276,coffee
103,40,67,43.30047100539884,98.86442566801647,4.79224018594953,165.51180872210554,banana
71,81,27,37.177125592785636,20.014922253653047,4.311025457628455,73.36129302481427,pulses
88,35,108,31.39678107758264,69.1183565018715,8.113514608586032,149.37101599507557,barley
35,51,79,40.005811582629434,69.3142541897496,5.5569096994629215,272.8478045779873,barley
53,59,52,33.563625377408606,56.59544446959106,6.008484463798883,34.23895861802991,groundnut
79,110,164,24.28416698890731,51.75583783474343,6.513750958048062,261.7959048395267,cotton
127,125,61,40.99669174846206,56.43065083844861,8.197266171047755,115.46538445993073,potato
77,59,122,17.766516127453052,53.19683488637444,7.254166107807425,271.86357422696676,sugarcane
28,16,104,35.012444621805344,78.43939819858394,7.075323149289057,283.4463737756157,tea
29,7,128,40.85472092292649,30.828434797862727,4.8783604997795535,207.84216836053366,millet
122,34,165,35.59607818961537,35.81113764729041,6.565949458549149,206.0386602459498,coconut
56,27,156,34.40463966688499,34.441458271393884,7.5769050858932765,146.77121455844724,coconut
10,96,171,36.342340292514265,40.997646809701166,8.86630441515246,253.9512628722381,mango
99,119,38,26.276933690522554,62.02067350252666,5.007031546066761,289.2515723613193,banana
73,108,188,40.59597387549591,28.8966997870575,4.0477167653361334,237.0229040949534,potato
47,122,160,17.120276629763193,89.45354362612034,4.376507167992349,194.1422854518786,banana
46,9,169,14.458524560011874,43.788922504677785,5.879262325909896,189.9020108299743,groundnut
135,108,11,19.992807304147902,33.00303899749663,8.102723238729936,257.8515724434254,soybean
109,112,169,28.60520888712476,74.04970476785947,4.035710408841226,171.53705441596355,cotton
86,69,60,27.869662839326832,23.046904047945542,6.283652964429201,245.08076814967035,tea
12,125,69,38.72095651868053,69.59748518993314,5.646153076706973,162.4878714487888,mango
19,34,197,24.159902974140607,75.85587445411998,4.2624085504986375,37.484396992698755,potato
14,88,51,26.9520549202028,37.193322510937534,6.251181433363087,127.50516249316347,coffee
139,36,152,10.467868914078847,23.357125875490745,5.273743536683594,144.44346814801963,rice
22,20,23,24.34087327550287,49.09162871355597,5.7594241717350325,59.65282859625282,millet
139,42,161,32.67209815326197,27.887538419354918,7.528076523921465,48.69897217297959,soybean
93,40,192,10.542791571930726,29.318227973866968,6.607754919554836,169.93018590394715,groundnut
74,118,150,19.830868781518532,40.34089851558917,4.623237144964067,43.840218235703006,maize
72,70,167,17.278472575128646,43.63743397014075,8.807072702118194,104.82464700922351,mango
110,109,175,11.469490011835589,62.397627281713646,7.179553828548691,228.48715326966126,coconut
82,89,130,26.774103147008812,74.27135084024104,7.829342128312658,290.0410102790346,wheat
26,6,143,16.360315262985477,67.42167526961478,4.3960657500418545,221.00376255454,mango
18,79,53,36.00785388709831,31.868826983161345,4.235291897300095,297.93515356680365,coffee
47,71,117,39.6774759317172,33.76688259621012,4.097240251840406,215.53463195823275,millet
103,59,42,29.095481393420172,90.30153998343316,4.943970138867222,102.2624517832117,cotton
104,10,68,44.35975698823995,64.66818520512909,6.072041988592476,208.17471134150134,sugarcane
58,90,73,25.766750001470836,89.59502663181512,8.679130667014114,216.60389425513307,barley
78,64,140,27.967887357872044,49.72372090558995,6.2852982963288815,124.08355569260897,millet
71,105,166,44.62262138852125,69.1520005945059,5.451275526862647,24.959878170628926,coconut
87,16,180,18.10419525877671,61.89307328436886,6.8096762675983165,216.89593973713636,rice
126,53,120,42.989107888691684,45.52987918563701,4.559672890673946,26.076026677151653,cotton
129,46,188,11.499314429168964,57.59322976268763,7.047529455024916,196.73266185681993,rice
85,86,69,25.62354115921182,60.19927014615456,6.842159771652517,65.81261684791542,potato
44,39,35,12.450122924657302,36.061677980534284,7.959965167028549,178.36898776945213,mango
10,138,136,35.5232160019775,45.20082979013853,8.93343805808512,161.095647106568,potato
49,71,117,31.29431275580062,83.31278004055804,5.254367358580552,23.78381984573112,soybean
73,84,113,34.732199221365875,93.26305915633017,6.548282254018803,121.60242875862896,tea
69,11,182,23.106813998880593,48.783527483623956,8.544327031595017,188.30552687096477,cotton
73,18,73,22.93186769109831,44.55778257672145,7.925949422114207,257.6098345316583,coconut
102,77,162,11.58617476363131,35.6157731657506,6.437031515504038,268.81979187422485,coffee
81,70,124,22.248072883537393,74.27929349204649,8.726858248073889,155.4779916093025,banana
20,95,92,42.52509407917208,45.847976133306986,4.286183467584047,223.95829644384267,groundnut
114,134,191,23.272928801315715,99.01996312793509,8.654993098562919,108.60728142936814,potato
23,24,71,39.09786971776895,46.05478416511626,4.252536961914033,115.81219361242408,potato
69,14,79,39.48139266624769,51.53088374261025,6.736523720573421,74.44978537104785,barley
39,29,49,23.063440473273182,68.26673569696278,8.452204740005428,177.34547079810702,rice
44,29,8,32.11960381386662,84.1347434553044,5.313604717806514,108.07796225966226,barley
14,58,158,13.338006079557053,57.56149322765069,6.361242494725793,43.62385100278141,banana
92,37,159,13.628750325699677,53.812482703116665,5.621644395684833,211.80170426569006,sugarcane
132,99,178,11.703018228159966,99.65102668758466,8.760719585381757,218.1708981295115,coconut
87,18,111,30.335528268128833,20.839491291195557,8.118227973765453,120.7978772581362,mango
71,69,196,24.9124842169134,91.60522310809966,7.545007556631898,41.48255184768638,coconut
98,114,55,29.181132483248405,31.931266075178996,6.938134933075544,139.36336087295928,sugarcane
51,84,54,28.237561667793575,82.87402209671308,8.10295894662074,143.85392825406032,cotton
98,58,10,22.25710468817556,69.43452478770384,5.9613352076177355,207.22784777141,wheat
49,129,63,33.71156951882155,47.34778283984737,6.237759275530309,108.31658955243138,millet
81,135,129,36.54756583207367,89.90999644168147,7.650008605404308,211.1277983387655,soybean
48,138,147,10.51198906071865,21.03257823847936,5.788773816468572,264.01679169206875,coffee
113,29,34,17.253480491910743,38.13525216599389,4.319504710241869,86.49609186141595,soybean
23,121,174,34.963255382916785,65.35142369996288,4.3716730444303575,294.09747571357195,tea
41,29,126,23.531706042184197,48.12338080397584,4.57681400652852,128.18307839830595,banana
134,83,129,33.186938142956286,68.83019962546621,8.348406616718314,94.83243184117728,rice
106,72,41,22.143693090709547,21.928815472693344,6.361132128781022,138.02313110288134,rice
32,16,174,23.676430331537297,29.316714438537,7.564411846723683,46.43129325308057,coconut
72,36,128,15.553760579138972,30.16769921747514,5.964546678024466,55.197653823392386,rice
62,132,105,19.0380856883156,35.14269167328075,5.293554737078173,136.0415331511328,barley
113,100,39,31.189411512765552,56.746515264043424,5.73596083781106,233.484466142948,banana
113,96,91,25.160708896030823,80.1702959634857,7.970911726585918,272.0874270808574,rice
48,35,138,37.100593903060826,92.44310703431209,7.126080625157191,206.14903740055584,sugarcane
76,82,22,39.840473422841995,86.82980242273969,8.68819889978951,49.461475466687524,groundnut
51,24,117,28.957624637586594,35.75102974205468,7.39852389288417,208.1655334105498,tea
24,64,33,36.53935522196207,55.29204417845059,6.8509081587734695,197.91981779683215,coffee
120,138,81,20.74165796180995,35.9529278206828,7.050980044929172,245.61389712213276,pulses
42,97,63,24.523992539002737,41.15774533337526,8.711857197342074,251.06962666261066,tea
47,47,179,34.947218667589084,60.28375852095089,7.9410046493335305,263.0968612181141,coconut
106,134,130,23.517419748596073,25.448721977881803,4.120206186832189,135.95682408214753,rice
42,64,149,30.59767273056461,37.45394636746185,6.670698480678486,215.4020306986004,tomato
95,35,113,16.4880472678879,94.83025290456938,7.4416920577328245,95.11010049824701,sugarcane
75,9,26,30.991996023967427,57.28930341267912,7.743492392195775,299.8141583953812,barley
19,14,72,40.15297975294128,55.63092207822977,5.065710596569684,69.09358758552078,rice
14,93,73,40.40238739381989,21.165372380102312,8.33588677225676,22.832040865034028,rice
132,134,169,35.35205422153389,39.79197976466766,8.77921573587582,61.66644006508928,soybean
83,130,53,36.10136826766441,89.30339487857451,5.183576529224348,237.24424107235546,soybean
106,15,145,29.527460580274525,33.1702742606935,8.41307728758623,145.09942942229924,maize
127,60,166,30.463383155803868,53.20999516277769,4.484893812580477,145.30006938691992,tea
47,87,113,14.67777034936813,21.1464724693601,4.278534180576226,287.4064174912672,potato
56,103,90,25.53507159474554,58.26683853364447,4.646119000513747,277.4977742478608,wheat
118,77,57,25.777169936022734,21.681688538097372,4.28870539733518,107.13452658512257,groundnut
24,119,127,43.54742424837091,85.56876424526399,8.22506118577888,78.53627605864253,tea
14,11,91,25.088040191815132,85.98830139896829,4.295250722291359,257.5750187814471,mango
56,84,183,29.22699257159652,83.01937506418959,5.358320956818277,273.68533989242167,cotton
77,101,135,28.663798974768586,42.66912551128946,4.518781717679282,171.64713838357633,tea
85,8,46,32.28666009655145,86.97897745774544,5.477110181568825,196.23863911278815,tea
139,8,102,36.18814909661636,63.439850608421544,4.452797338004602,91.93599971384215,tomato
104,107,164,17.876465665980525,49.904648709360195,7.340016253715071,244.2247526339869,maize
124,44,113,28.50535466844525,70.02639677633864,4.666634081712876,196.99427996572646,potato
45,21,55,38.907119756061064,20.98728368482992,8.25922962919444,160.98378316343906,cotton
35,105,89,26.2090149843129,31.43687020806017,8.085955253633205,36.830395701950835,tea
52,107,178,19.746014123075057,79.38348305362102,4.068308427353047,276.46178950312304,sugarcane
36,128,131,32.91481763747046,39.53292869729224,8.478631777575572,192.3263977076337,mango
78,56,25,38.831858852969305,67.84072938629997,4.144721583716835,73.95350651403103,soybean
20,56,48,12.209910252458696,50.80820822584237,5.198228924787783,189.7881127552548,coconut
83,128,143,37.18766691925295,88.38446230394092,4.1619456888799755,209.68973918719254,rice
113,67,107,38.75767765366199,96.19322447973148,5.6792174351965805,167.21569427130314,coffee
47,120,72,26.15330246560124,90.68517826961524,6.569332628566358,221.0684866276863,potato
32,66,133,44.41569798864636,41.649599575487734,7.983224345075691,182.8071054200148,barley
56,11,96,37.53479192475582,35.53302952368658,5.68990775234918,285.3754829690015,coffee
99,96,195,37.078189771348306,57.9547914896588,7.5274501233655835,35.035182007805915,wheat
55,18,28,36.174350104422516,20.58673206689442,4.937522285594902,49.74879837147694,rice
116,90,129,15.27128361263959,22.06475142905454,7.752992283720632,68.62805834721516,groundnut
113,137,145,17.603081025855378,64.26325116984,5.179983029546188,213.247899769213,tomato
120,134,115,26.239654601254877,61.635952333222875,4.71772377971884,200.76684436994643,tea
113,66,102,19.240152248581303,99.56655912282079,4.927044251870272,269.7764808587143,coconut
69,83,143,24.533434031691414,36.14734682910065,4.910315644409277,225.20568680749156,soybean
109,62,183,41.09624384730222,40.64831433283747,6.5643143968849555,162.33953651808582,tomato
77,124,21,38.85144121577442,29.083251386102937,8.223987905940731,297.71290188981646,mango
129,137,103,32.05139574679938,93.40344077229958,4.398025384962528,94.51022772740376,groundnut
46,69,86,40.03421379878863,82.22489955667606,7.534781592467113,253.2936647399271,banana
81,17,108,37.43203361560372,85.7871289165478,7.271732298264288,139.50130421429742,maize
136,86,156,25.014472614431167,92.2211030371607,8.36259975914681,201.64583888520556,mango
115,56,23,17.037280321748078,61.99199893806706,5.220737802534536,223.63517172668153,soybean
101,121,169,27.997036400326873,56.095455316057894,6.2505492934251485,197.45114441329417,coffee
40,30,89,35.768010888499255,46.43131789324932,8.629136872217586,59.34204487040611,millet
131,38,12,25.274685955535755,67.13716914782844,7.299967250676586,144.02628300942115,cotton
60,56,32,33.3370168424364,56.342271743185805,5.943842064307985,177.20274582127482,potato
38,116,9,13.301459920186527,56.12524692844601,4.657061914276342,257.73225257000706,coffee
49,86,149,36.18016577299912,94.95422909849111,5.312425039502955,144.22080966360025,cotton
50,46,105,38.44497669625717,98.72252114233041,6.906077387446917,277.2492453451904,tea
20,25,168,34.73932495231894,83.71875114636646,7.590839737802568,143.30478244705898,banana
10,46,122,43.854225563422794,80.54064721975426,4.6221094342594675,173.65836059364327,potato
55,117,151,38.93282201112241,74.44465294232812,6.99798630022027,242.95999122398428,maize
110,109,68,41.60828047567884,33.285988186681095,6.751756394193755,183.25895163820022,groundnut
99,21,95,42.67498792101768,24.728465670052362,6.56977723345354,288.8610602671909,barley
119,124,121,38.0471797155833,75.25810520906106,7.45061558841004,204.89403254395572,potato
66,133,102,33.59905947022747,78.30289778052608,8.187247975417309,166.3586471389283,coffee
10,134,15,10.200150347627625,23.757839287851183,5.614948415884342,26.605750978622844,sugarcane
72,64,58,26.303901362809363,94.24414001830785,8.445060950554797,135.84521132249233,mango
64,52,177,29.990680451782634,27.2912511555742,4.803168063092754,103.78955739284493,tea
124,33,51,20.641059535679986,42.87204270169619,4.8651193487558215,229.46958700849697,maize
62,101,144,21.133655641621523,73.79118502389636,5.333860318119619,78.31774904299282,cotton
66,14,153,43.64057954985578,33.58980755235811,4.597654347735389,77.46162444234011,coffee
126,62,143,41.20988028209611,24.433271075379555,5.151596123414388,73.06533210646549,coffee
44,25,9,39.72126519255965,46.49171913313198,4.532058814514223,55.17237168374606,cotton
72,32,188,24.210413059713872,81.27772598841432,8.108762084926951,107.08196102784848,tea
34,38,24,10.47944926431201,53.09429431882083,4.694844959433123,268.058192044159,banana
99,12,173,12.807778625949993,72.23783375263514,7.736487787799284,236.9799722456674,rice
84,83,50,20.926872887616128,66.36952777825093,4.2395693395666685,225.87034056590218,tomato
47,91,16,10.551001954848694,21.777478562046433,8.742601637569575,243.25430558198954,cotton
139,92,74,10.600242367031933,99.08319896365653,7.555800437638831,95.43700901228007,potato
100,73,21,42.08111555748439,23.31424710555102,4.033982742930559,268.4836734106966,sugarcane
26,91,119,34.71554757416689,97.4242190118788,7.81928250100107,58.444945039649234,wheat
137,105,151,20.813459652385344,63.989134269151855,6.570409603830926,114.17680348036295,tea
117,12,158,14.64256021603336,97.05272216520532,7.896825851675599,184.289473310856,pulses
34,81,52,27.9072501263277,29.180287953106834,6.612484044452943,48.81342473576018,barley
97,91,112,10.187115629902756,59.232681534841056,7.205124288176773,224.43645257739897,groundnut
38,47,56,42.84448103503504,33.56032734928469,7.931658276975202,128.428893496973,banana
72,133,100,24.51852917861315,24.07799016179539,6.025540272939283,239.63358637035202,potato
123,113,74,24.081723433306646,69.40232920498492,4.01354074910226,158.01095996368878,coffee
58,21,187,23.670776265362377,36.622673676935314,8.249732479725942,70.64486683909418,coffee
90,137,106,12.426491563571766,67.01576146300368,5.904451813123313,225.73330717949642,wheat
93,25,79,32.34127839271393,28.98915855591885,6.480213630082915,90.6003076349042,soybean
114,62,165,35.65512668699237,46.55891771461622,4.038833210769844,157.42688435505198,tomato
127,114,194,33.66438891559016,82.53060464425977,6.4604600517504895,41.149315363934136,pulses
95,139,155,14.8452422665288,54.96412174737501,8.932437007858647,193.00266323537028,potato
72,32,147,30.25940588124574,70.21963319178691,5.391338304093848,206.44017454055762,soybean
113,55,159,29.931956946028883,71.79663525964368,5.97709135121189,126.0287787923794,banana
58,9,196,40.394377577948376,87.50040351898349,7.435949982343383,287.2383784899007,tea
80,9,183,23.269468043147647,45.9938235525313,8.073968337618293,264.76729801497913,millet
10,98,185,23.002008028080198,74.9836450066014,6.086958120030502,218.2234564071985,maize
132,100,86,31.648447055136497,96.92926456369325,5.548344352006463,219.82258085824796,banana
71,12,96,32.157542872482956,78.41946674862945,8.689128999925336,90.67248018380235,millet
41,68,183,26.424982956402662,59.189638137419564,7.385724833358346,203.9082647047657,groundnut
38,42,179,25.507077681564738,70.45739555935434,4.595106522465706,75.4977542659455,banana
58,115,8,27.295168472325894,79.17463182104865,4.344639390673243,60.320902697550196,pulses
39,116,139,40.136585482615914,68.98206125550979,6.417749253951845,299.85101037672246,wheat
28,85,113,26.14084154388685,21.334065079187134,5.100450330236362,194.26526081248878,potato
27,108,167,42.89761271894378,35.581879814978066,5.269923766881267,140.67660434401336,rice
10,77,52,27.640131725871413,84.83745737723729,8.388460894139241,100.68606640750637,mango
87,53,77,43.2220242613312,41.81205178499877,4.447830121581553,189.0977242254237,coffee
124,40,76,39.14911656541765,78.52496956489071,7.576820576144448,33.88618230162412,potato
122,130,120,22.685096291554018,49.7696172193359,5.35571126690294,46.510677341342614,rice
123,72,177,40.22744974538156,61.75074625263545,7.801641107020688,29.199875367310977,millet
72,82,85,13.852214947039032,25.437863985552298,7.6120569223177235,159.76755331354528,coffee
138,109,85,42.37665113700551,34.49804488397676,4.036959507221465,188.1698561724111,mango
17,126,117,32.10752302790121,96.57575708153877,6.545677064607996,37.49433318018984,coconut
64,123,100,11.903676198280891,91.21104427575312,4.696597411890232,221.94285089969662,mango
112,118,76,32.548985327778404,72.18200887192401,8.331135152893385,84.51062002407804,potato
41,14,151,44.09866789506646,56.77156779085899,8.357929414312032,211.8564070555625,coffee
19,95,67,12.443022911512012,74.0609034316179,6.09172903746879,294.9311992098688,tea
119,6,42,29.41406984230302,69.48882312751512,6.221978092255403,213.50964361507832,barley
133,122,71,36.17280224157803,65.48418044836896,5.516414697022635,267.2940548186104,potato
96,17,191,38.3590505344836,24.734165749083346,7.583031494800155,285.4955818880589,tea
64,99,73,24.483961286227853,70.62420885292056,5.793306815132295,156.29029353864834,groundnut
41,36,17,17.145829570888505,81.51360356569347,5.338962372613169,216.65099423751792,tea
102,36,179,11.481979757033434,99.52653237164604,6.161155297522541,258.5513909956357,tomato
17,128,193,30.290415498402865,20.886284207544776,4.4574375919372935,119.85049560482811,sugarcane
74,15,35,25.851887459366377,78.41387626485414,7.733016023221019,93.19124863691057,potato
66,14,118,43.20605383023988,65.74314527487843,4.062982006358935,285.0476003779348,cotton
76,19,26,12.121171770021842,54.72417408647654,7.22242530760297,223.36498010326903,cotton
81,21,97,33.988837020610205,30.20561396570967,4.914322633774362,81.51099734523137,maize
63,63,175,10.873817774202001,52.726811890790096,5.1620202310720655,145.74334994931175,tea
76,82,71,16.000196184868997,48.35017463889082,7.1781599932002,243.00649547058663,millet
60,128,58,25.875264997299194,44.226391118299375,8.964717328914535,173.1776374571638,cotton
106,118,142,25.920535498100385,78.47036986577662,7.888587445362753,201.98658748644894,banana
101,26,46,33.99951900267754,76.05804170274111,5.12919816111696,231.05509657261464,tomato
17,36,68,41.85745622037148,67.12160727847292,4.880123775205669,194.16257286651458,rice
44,117,130,32.36612556202223,95.09318506346978,8.331164351338352,171.22221013821482,potato
105,124,25,43.373728424802806,47.988350734468355,6.220919739607521,229.89199962857657,maize
97,126,198,40.85654739572992,39.504155016814366,4.6852640141407775,223.7176499210162,tea
87,36,173,30.457492843577658,72.47226504787196,8.31105711660969,196.3642720512901,tomato
41,123,156,39.18271828215896,35.90512487499224,8.080461764571307,120.74103574694028,soybean
129,43,39,32.49021636132719,45.20084057467397,8.919531819485819,133.62738581607604,pulses
55,16,188,12.74952408233045,37.96819520599079,8.548718433563419,291.72279368754727,coconut
64,22,34,35.91976531408285,25.532285417480097,8.25895169330271,51.46806104162723,sugarcane
16,130,61,13.321795444357118,86.19989933085387,4.262871989055016,95.1813768307939,cotton
83,50,51,30.792897319939936,40.36324343373289,4.52207684749059,157.872492577214,cotton
16,108,167,34.59240720503801,57.842200267441655,6.844915971520614,254.28431212026004,coconut
94,139,23,12.328466287379934,23.465221860344954,6.657396231409104,65.8291858443238,tea
121,90,118,18.077812887428614,75.94715730021144,6.289816072447677,97.54729307489076,tomato
134,93,12,42.048528129157745,46.44488018450326,5.983946627072921,38.423500982666916,maize
45,26,30,31.571007228151373,79.57893822633679,6.156052424321644,217.67587449422916,soybean
38,96,117,18.620010658368606,52.99224483742929,6.846489670673976,86.69864193317251,coconut
91,33,75,34.173791990180234,35.66044851244997,4.010382588000406,128.82893018786615,soybean
11,17,34,30.887174698659138,61.05400658256287,5.303543870664261,144.236405168307,rice
138,6,139,27.55514949712819,30.44036477099518,6.591398603443555,269.5679019698076,maize
56,33,71,44.16654412458293,55.24313278983958,7.611080493368231,135.1724812927463,tomato
20,31,69,33.920882209262814,45.38443819363892,4.870783461976981,60.66300557626973,rice
139,54,40,23.140438838376944,92.95676673597066,6.734405868937165,166.80818273523388,maize
128,99,29,38.00257012269038,24.874297737657596,7.5722984194289085,289.6282385016163,maize
29,92,41,40.960415252241575,75.52139312845937,6.2231382895695235,190.15197949422708,sugarcane
14,48,5,14.382719583089099,34.62009327899487,4.135405668350256,295.3484217289603,rice
46,26,147,17.019354224584326,45.52360594657919,6.2463407923281835,255.51004650288363,cotton
62,101,41,17.56794531947229,53.24112504496527,5.482224438720765,30.070411739755585,cotton
108,7,145,34.192413328528914,92.64120714999794,8.648248038506642,204.35188670557173,tea
95,122,140,31.106384426864917,39.40626128590601,4.623066928391637,100.29472571620742,mango
117,23,137,31.664704764450587,27.304704203573618,7.262379777536161,176.6927195805227,rice
33,27,192,42.92706548913253,45.495168319241884,4.263598831672506,98.21665346074343,coffee
90,34,132,37.15690364825571,28.374077642842668,6.230852189063483,117.68371664948131,maize
129,43,131,14.477792357912412,30.287718876844202,6.769897436100403,278.4872392911702,groundnut
68,112,5,22.162747884881334,65.90804783800213,5.489774656584327,77.86009176967748,cotton
137,115,168,25.23877761615075,24.872154647959466,6.275378177601922,264.75055304723253,sugarcane
123,29,39,23.858655606166174,22.474470511485283,4.817768972650937,28.528186259739105,potato
124,132,198,33.42580132066577,77.15312811763982,5.52061924734018,45.44543074350155,groundnut
23,115,195,41.21625861397969,48.93176758728356,7.1055316245510145,259.3090115875938,maize
18,110,108,20.71180122329758,30.030027938709864,5.509000279305775,196.55568865457468,barley
49,76,27,29.315699774741496,40.289021668776655,8.498715392044359,229.22611865107407,potato
34,133,13,37.6293297669755,71.36692058819193,7.142034788204949,78.6369478301192,groundnut
112,112,38,24.567632059587226,42.0429253712681,6.1932450921799225,170.38336756522898,coconut
31,9,178,15.884134493975354,59.561690009632635,4.193784677770912,226.42138259996534,maize
13,7,132,26.623283784231187,29.735624538133784,6.497741676023356,195.6479583628735,rice
38,136,8,11.932788226005997,67.04749100843576,7.823881210625446,152.07565472953866,mango
118,108,162,42.98342089007969,45.28621470746113,5.327787990062069,288.73946020256017,tea
107,68,106,12.618742181824057,70.15747476229733,8.033867848243837,209.32405336696468,mango
46,110,79,25.345985033770233,84.67159058432183,5.259033830254408,274.1702240675466,tea
84,102,103,28.545844138098417,68.9317135511994,8.118731939754003,224.33574324063073,mango
79,14,76,44.48563413005499,43.659805007601655,4.426341708058387,225.92978800735128,tomato
137,132,7,15.810763827500127,40.45949612386403,8.330918544345147,42.40511553215022,coffee
94,50,146,14.00510315143255,46.193676698675844,6.495932254666652,120.6500941191042,rice
51,70,192,10.304715147189025,33.16964105892039,5.48268794810131,260.3434338815043,banana
109,116,177,15.44500029042558,34.49374806800161,5.325566252075744,85.12908140165166,barley
50,17,38,17.254554267368366,83.25528815201343,6.160052794651813,52.341642523810535,tea
43,90,49,32.07033295540823,50.7786061205956,8.995247490518224,111.30969585886217,tomato
26,94,65,17.689737663699013,54.879614445646865,5.101636967187913,81.7226077699319,barley
131,62,87,10.718228515526382,67.52395724534489,4.5160832443949985,279.08069454208345,millet
85,58,127,38.931642092587104,67.17227961212382,6.925175843593309,263.0306597605967,rice
96,16,106,22.795849535138835,25.390149721754057,6.442712332201285,159.91130447921316,rice
126,18,20,22.37938403032569,86.52326290701325,6.620981355316537,37.17628485548305,sugarcane
115,125,70,20.58676602087743,34.186124257915154,7.334677087786085,220.07745690608377,barley
95,125,172,44.13806470012473,77.84573088397352,5.335720349353247,194.55528477415407,coffee
36,24,149,15.954039605824851,81.81367905025333,8.553324976919441,291.75530780397884,coffee
66,79,123,41.43833223836323,77.1919627273051,6.178360330611452,176.50690727570554,mango
40,74,166,37.18811662489608,66.31821172433162,4.6454309757123085,114.19024255281464,rice
107,60,128,12.676798442475958,21.16871976871063,7.711493783669722,165.32607420199562,banana
21,105,148,44.5355185525297,48.83003938905365,7.215521763089251,294.19372159326457,soybean
62,136,106,19.49780872386537,68.3871543490065,5.578717012420185,214.98148110924856,soybean
131,115,192,13.450402445784432,50.99610367380309,7.107593620170243,208.15331861957432,groundnut
55,129,70,39.02599819440158,89.07839159302505,5.099309781844884,87.39084512324791,banana
73,136,198,34.733643678719496,44.704182027969225,6.224196796702648,228.20870491697295,maize
139,24,17,31.602658205726527,43.48278339669284,8.497062610836625,230.0761122520961,wheat
63,28,188,15.459330229462662,41.27981544741264,4.667671165803747,108.84091545725349,tea
116,41,115,26.747364068958667,46.62246951686364,5.93348224993731,155.43987306939968,banana
60,58,163,37.31946094105248,64.59239714513498,8.105712123601737,102.48893322332769,banana
45,107,38,20.626837835034408,76.56122354180727,8.847454497030892,92.43741969080027,rice
124,42,43,20.90914399802645,73.00543341910281,6.269630682108979,27.25089966985584,wheat
35,8,199,10.109931711684274,84.61742559851837,6.534998100716737,99.85928850293298,rice
38,61,140,16.098519057588284,90.873119639794,6.860859808918849,175.11158596591696,sugarcane
20,24,124,40.639196879264205,85.2863233874681,8.661740708168555,20.448332513728072,maize
49,21,130,25.46112720731975,21.515632269948366,8.29103395488515,99.30134346670688,millet
20,123,59,44.44820747320519,78.8734362841591,4.8530056231082215,266.79489305051004,banana
122,75,31,23.84977872508274,36.67196588946653,6.1837890892353755,186.22160383006104,millet
48,8,122,35.03152591730844,30.63424341663861,6.320002140982131,190.20159074267454,rice
63,18,57,19.86716650166552,71.07910278393084,7.9454805582437835,132.9420054073789,sugarcane
107,7,43,22.733337439932672,45.57945563261559,7.014464413027176,209.4122001778751,tea
64,84,69,16.675409565681313,24.56937306963546,7.271102310145064,73.18117454450056,pulses
120,59,149,22.147182897478825,31.010378751868906,8.990999538328088,249.24910690757366,coconut
78,136,162,29.15331321472251,20.074353349596883,4.3748002173500655,52.672953582051946,cotton
65,124,185,44.71205083427373,92.25789018757658,5.115049117668665,203.6803793028706,wheat
42,28,17,33.2470599575125,21.969438707299087,6.039479686857734,115.52181122951126,sugarcane
45,86,25,16.973608404290992,36.75646156076088,5.738912015244436,229.3036317630935,rice
90,64,151,11.57365045570429,53.30102245503259,4.108227806734918,173.9340743544856,sugarcane
118,53,57,14.422476846007871,48.525706076065525,4.458888032355879,146.65885077404056,barley
82,67,23,29.689432044556657,92.93807015302205,7.404766457017881,67.43827258610915,wheat
49,114,61,36.78061150858682,23.22311565876337,8.396622316812802,198.31000999961879,rice
26,113,29,42.91467225552614,60.97717661416412,6.571135056329888,292.93555615771567,cotton
138,80,35,10.553811019888728,74.43835700194992,6.695955397568165,251.1689589739642,millet
70,34,85,28.296604954665444,94.53583789449351,5.275467164161897,36.802293924923305,rice
113,62,187,26.48035746781119,69.62970016989769,7.839381818168556,125.3442259411335,rice
51,121,27,32.961925769149644,84.30041888094101,7.758972936836281,279.1632425732761,pulses
34,104,36,29.585259906286968,26.697995027627872,6.941828446088284,160.852249315966,coffee
48,23,194,34.04637027038682,50.87516087495419,5.063321432556714,205.39131122629016,banana
44,98,78,33.03289046622166,49.915770758325394,4.485091091185447,275.52781676558936,soybean
117,117,14,14.095410370028116,90.9030573164574,4.321192879285629,264.66251331756655,tomato
111,67,58,37.99012697665518,32.10969370106199,6.963480333214389,160.50970515134307,rice
107,120,56,14.31314015007137,32.150893786930425,8.125176595714,142.5409647441286,soybean
21,117,152,34.4485718823198,46.28465199086388,8.291652158904624,115.11393317428438,groundnut
28,51,164,24.565087867421234,24.357283789347008,6.318110371717249,221.32544408560952,maize
